Cidade_estacao;Codigo_estacao;Latitude_estacao;Longitude_estacao;0.5;0.5;0.5
 BOA VISTA;82024;2.82944443;-60.66194444;64-10;64-10;64-10
 CARACARAI;82042;1.83249999;-61.12083332;58-10;64-10;64-10
 IAUARETE;82067;0.60222222;-69.19277777;58-10;64-10;64-10
 MACAPA;82098;-0.04499999;-51.11;58-10;58-10;58-10
 SAO GABRIEL DA CACHOEIRA(UAUPES);82106;-0.12527777;-67.06111111;58-10;64-10;64-10
 BARCELOS;82113;-0.97416666;-62.9286111;58-10;58-10;64-10
 SOURE;82141;-0.72777777;-48.51583333;58-10;58-10;58-10
 TRACUATEUA;82145;-1.06361111;-46.86527777;58-10;58-10;58-10
 OBIDOS;82178;-1.905;-55.5236111;58-10;58-10;58-10
 MONTE ALEGRE;82181;-2;-54.07638888;58-10;58-10;58-10
 PORTO DE MOZ;82184;-1.751055;-52.236186;58-10;58-10;58-10
 BREVES;82188;-1.680277;-50.478034;58-10;58-10;58-10
 BELEM;82191;-1.43583333;-48.43722221;58-10;58-10;58-10
 TURIACU;82198;-1.66138888;-45.37194443;58-10;58-10;58-10
 FONTE BOA;82212;-2.51583333;-66.10083333;58-10;58-10;64-10
 PARINTINS;82240;-2.63;-56.73;58-10;64-10;64-10
 BELTERRA;82246;-2.64222221;-54.94388888;58-10;58-10;58-10
 CAMETA;82263;-2.23972221;-49.49972221;58-10;58-10;58-10
 SAO LUIS;82280;-2.52666666;-44.21361111;58-10;58-10;58-10
 PARIBA;82287;-3.08668;-41.783139;58-10;64-10;64-10
 ACARAU;82294;-2.885772;-40.114075;58-10;58-10;58-10
 LUZILANDIA(LAG.DO PIAUI);82296;-3.46972221;-42.26805554;64-10;64-10;64-10
 ESPERANTI;82298;-3.9;-42.25944444;64-10;64-10;64-10
 TEFE;82317;-3.38027777;-64.72527777;58-10;64-10;64-10
 CODAJAS;82326;-3.8411111;-62.05527777;58-10;64-10;64-10
 MAUS;82331;-3.10388888;-60.01555555;58-10;64-10;64-10
 ITACOATIARA;82336;-3.13694444;-58.44277777;58-10;64-10;64-10
 ALTAMIRA;82353;-3.214284;-52.213044;58-10;64-10;64-10
 TUCURUI;82361;-3.76;-49.66666666;58-10;64-10;64-10
 ZE DOCA;82376;-3.269212;-45.651007;58-10;64-10;64-10
 CHAPADINHA;82382;-3.742684;-43.3521;64-10;64-10;64-10
 SOBRAL;82392;-3.74833333;-40.34583333;64-10;64-10;64-10
 FORTALEZA;82397;-3.81527777;-38.53777777;58-10;58-10;58-10
 BENJAMIN CONSTANT;82410;-4.3786111;-70.02999999;58-10;64-10;64-10
 COARI;82425;-4.08534;-63.145144;58-10;64-10;64-10
 BACABAL;82460;-4.21805554;-44.77583332;64-10;64-10;64-10
 CALDEIRAO;82474;-4.328706;-41.721691;64-10;64-10;64-10
 CAXIAS;82476;-4.86722221;-43.35666666;64-10;64-10;64-10
 PIRIPIRI;82480;-4.2761111;-41.79444444;64-10;64-10;64-10
 GUARAMIRANGA;82487;-4.26138888;-38.9311111;52-10;52-10;58-10
 JAGUARUA;82493;-4.85361111;-37.77722221;58-10;64-10;64-10
 MANICORE;82533;-5.81777777;-61.29083333;64-10;64-10;64-10
 MARABA;82562;-5.36611111;-49.12527777;64-10;64-10;64-10
 IMPERATRIZ;82564;-5.53638888;-47.47888888;64-10;64-10;64-10
 BARRA DO CORDA;82571;-5.50638888;-45.23722221;64-10;64-10;64-10
 TERESI;82578;-5.03472221;-42.80138888;64-10;64-10;64-10
 CRATEUS;82583;-5.19055555;-40.6736111;64-10;64-10;64-10
 QUIXERAMOBIM;82586;-5.17305554;-39.28722221;64-10;64-10;64-10
 MORADA NOVA;82588;-5.13666666;-38.35666666;64-10;64-10;64-10
 APODI;82590;-5.62666666;-37.815;64-10;64-10;64-10
 MACAU;82594;-5.15103;-36.573131;58-10;58-10;64-10
 CEARA MIRIM;82596;-5.65333333;-35.42583332;58-10;58-10;58-10
 TAL;82598;-5.83722221;-35.20777777;58-10;58-10;58-10
 EIRUNEPE;82610;-6.66166666;-69.86777777;64-10;64-10;64-10
 ARAGUAI;82659;-7.103778;-48.20133;64-10;64-10;64-10
 SAO FELIX DO XINGU;82668;-6.630799;-51.976014;58-10;64-10;64-10
 COLIS;82676;-6.03305554;-44.23333333;64-10;64-10;64-10
 FLORIANO;82678;-6.76166666;-43.00333333;64-10;64-10;64-10
 TAUA;82683;-6.00638888;-40.29972221;64-10;64-10;64-10
 MORRO DOS CAVALOS;82684;-7.85;-41.9;64-10;64-10;64-10
 IGUATU;82686;-6.39638888;-39.26888888;64-10;64-10;64-10
 SAO GONCALO;82689;-6.83583333;-38.31166666;64-10;64-10;64-10
 SERIDO (CAICO);82690;-6.46749999;-37.08499999;64-10;64-10;64-10
 FLORANIA;82691;-6.12388888;-36.81194444;64-10;64-10;64-10
 CRUZETA;82693;-6.42638888;-36.79138888;64-10;64-10;64-10
 AREIA;82696;-6.97555554;-35.71805554;58-10;58-10;58-10
 CRUZEIRO DO SUL;82704;-7.610736;-72.681324;58-10;64-10;64-10
 LABREA;82723;-7.26138888;-64.78999999;64-10;64-10;64-10
 OURICURI;82753;-7.87944443;-40.09194444;64-10;64-10;64-10
 CAROLI;82765;-7.33722221;-47.45972222;64-10;64-10;64-10
 BALSAS;82768;-7.529423;-46.046321;64-10;64-10;64-10
 CAMPOS SALES;82777;-7.07666666;-40.38999999;58-10;64-10;64-10
 PICOS;82780;-7.08083332;-41.43499999;64-10;64-10;64-10
 BARBALHA;82784;-7.300925;-39.271107;64-10;64-10;64-10
 TRIUNFO;82789;-7.82972221;-38.12222221;58-10;58-10;58-10
 PATOS;82791;-7.05361111;-37.27388888;64-10;64-10;64-10
 MONTEIRO;82792;-7.89444444;-37.12472221;58-10;58-10;64-10
 CAMPI GRANDE;82795;-7.22555554;-35.90472222;58-10;58-10;58-10
 SURUBIM;82797;-7.839628;-35.801056;58-10;58-10;58-10
 JOAO PESSOA;82798;-7.09527777;-34.8486111;58-10;58-10;58-10
 TARAUACA;82807;-8.16027777;-70.7686111;58-10;64-10;64-10
 CONCEICAO DO ARAGUAIA;82861;-8.25916666;-49.26388888;64-10;64-10;64-10
 PEDRO AFONSO;82863;-8.9686111;-48.17722221;64-10;64-10;64-10
 VALE DO GURGUEIA (CRISTIANO CASTRO);82870;-8.44166666;-43.86555555;64-10;64-10;64-10
 SAO JOAO DO PIAUI;82879;-8.365;-42.25027777;64-10;64-10;64-10
 PAULISTA;82882;-8.13222221;-41.14305555;64-10;64-10;64-10
 CABROBO;82886;-8.50388888;-39.31527777;64-10;64-10;64-10
 ARCOVERDE;82890;-8.433537;-37.055365;58-10;58-10;64-10
 PESQUEIRA;82892;-8.370701;-36.707812;58-10;58-10;58-10
 GARANHUNS;82893;-8.91083333;-36.49333333;58-10;58-10;58-10
 RECIFE (CURADO);82900;-8.05916666;-34.95916666;58-10;58-10;58-10
 RIO BRANCO;82915;-9.95916666;-67.86888888;64-10;64-10;64-10
 ALTO PARIBA;82970;-9.10833333;-45.9486111;64-10;64-10;64-10
 BOM JESUS DO PIAUI;82975;-9.06611111;-44.36527777;64-10;64-10;70-10
 CARACOL;82976;-9.28583333;-43.32444443;64-10;64-10;64-10
 REMANSO;82979;-9.625699;-42.077217;64-10;64-10;64-10
 PETROLI;82983;-9.3886111;-40.52333332;64-10;64-10;64-10
 PAULO AFONSO;82986;-9.378106;-38.226771;64-10;64-10;64-10
 AGUA BRANCA;82989;-9.26472222;-37.93805555;58-10;58-10;58-10
 PAO DE ACUCAR;82990;-9.74916666;-37.43083332;64-10;64-10;64-10
 PALMEIRA DOS INDIOS;82992;-9.42027777;-36.62027777;64-10;64-10;64-10
 MACEIO;82994;-9.55138888;-35.77083332;58-10;58-10;58-10
 PORTO DE PEDRAS;82996;-9.162012;-35.299881;58-10;58-10;58-10
 ALTO DA BOA VISTA;83007;-22.96583333;-43.27916666;58-10;64-10;64-10
 MUNIZ FREIRE;83013;-20.46583333;-41.41194444;58-10;64-10;64-10
 MARIA DA FE;83015;-22.31444444;-45.37305554;58-10;58-10;58-10
 LAMBARI;83032;-21.944146;-45.317739;58-10;58-10;64-10
 PALMAS;83033;-10.190897;-48.301822;64-10;64-10;64-10
 ITARA;83034;-19.87423;-40.872959;64-10;64-10;64-10
 RIO BONITO;83048;-22.7125;-42.64666666;64-10;64-10;64-10
 AVELAR (P.DO ALFERES);83049;-22.34749999;-43.41777777;58-10;64-10;64-10
 PORTO CIOL;83064;-10.71083333;-48.40638888;64-10;64-10;64-10
 GUARULHOS;83075;-23.470981;-46.533559;58-10;58-10;64-10
 STa. R. DE CASSIA (IBIPETUBA);83076;-11.002765;-44.52496;64-10;64-10;64-10
 SENHOR DO BONFIM;83088;-10.443072;-40.148244;58-10;64-10;64-10
 MARICA;83089;-22.920653;-42.83;58-10;64-10;64-10
 MONTE SANTO;83090;-10.44249999;-39.33083332;64-10;64-10;64-10
 ARACAJU;83096;-10.9525;-37.05444444;58-10;58-10;58-10
 PROPRIA;83097;-10.21376;-36.842198;64-10;64-10;64-10
 IGUABA GRANDE;83114;-22.84694444;-42.18555555;58-10;64-10;64-10
 BARRA;83179;-11.084858;-43.138998;64-10;64-10;64-10
 IRECE;83182;-11.31138888;-41.85861111;58-10;64-10;64-10
 MORRO DO CHAPEU;83184;-11.547494;-41.151165;58-10;58-10;58-10
 JACOBI;83186;-11.17277777;-40.53416666;58-10;64-10;64-10
 SERRINHA;83190;-11.66805554;-39.00194444;64-10;64-10;64-10
 CIPO;83192;-11.10138888;-38.52416666;64-10;64-10;64-10
 ITABAIANINHA;83195;-11.272334;-37.794973;58-10;64-10;64-10
 MATUPA;83214;-10.19166666;-54.9461111;64-10;64-10;64-10
 FEIRA DE SANTA;83221;-12.1961111;-38.96722221;64-10;64-10;64-10
 PEIXE;83228;-12.01527777;-48.54499999;64-10;64-10;64-10
 SALVADOR (ONDI);83229;-13.00583333;-38.50583333;58-10;58-10;58-10
 TAGUATINGA;83235;-12.40222222;-46.43833333;64-10;64-10;64-10
 BARREIRAS;83236;-12.155843;-45.008269;64-10;64-10;64-10
 LENCOIS;83242;-12.557854;-41.388808;58-10;64-10;64-10
 ITABERABA;83244;-12.52416666;-40.29972221;64-10;64-10;64-10
 ALAGOINHAS;83249;-12.1486111;-38.42527777;64-10;64-10;64-10
 GLEBA CELESTE;83264;-12.288562;-55.294071;64-10;64-10;64-10
 SAO JOSE DO RIO CLARO;83267;-13.453982;-56.677323;64-10;64-10;64-10
 CARA;83270;-13.47083332;-52.2711111;64-10;64-10;64-10
 CORRENTI;83286;-13.332407;-44.617374;64-10;64-10;64-10
 BOM JESUS DA LAPA;83288;-13.251097;-43.405365;64-10;64-10;64-10
 ITUACU;83292;-13.812876;-41.299852;58-10;64-10;64-10
 ITIRUCU (JAGUAQUARA);83295;-13.527828;-40.119752;58-10;58-10;58-10
 DIAMANTINO;83309;-14.40611111;-56.44694444;64-10;64-10;64-10
 NOVA XAV.(XAVANTI);83319;-14.697917;-52.350226;64-10;64-10;70-10
 POSSE;83332;-14.08907;-46.36653;64-10;64-10;64-10
 FORMOSO;83334;-14.949727;-46.235795;64-10;64-10;64-10
 ESPINOSA;83338;-14.91222222;-42.80861111;64-10;64-10;64-10
 CAETITE;83339;-14.07277777;-42.48722221;58-10;58-10;58-10
 VITORIA DA CONQUISTA;83344;-14.88638888;-40.80138888;58-10;58-10;58-10
 POXOREO;83358;-15.82749999;-54.39555555;64-10;64-10;70-10
 CUIABA;83361;-15.61999999;-56.10888888;64-10;64-10;70-10
 SAO VICENTE;83363;-15.82305554;-55.41888888;58-10;64-10;64-10
 PADRE RICARDO REMETTER;83364;-15.776;-56.072;64-10;64-10;64-10
 ARAGARCAS;83368;-15.9025;-52.24527777;64-10;64-10;64-10
 RONCADOR;83373;-15.94638888;-47.88416666;58-10;58-10;58-10
 GOIAS;83374;-15.93972221;-50.14194444;64-10;64-10;64-10
 PIRENOPOLIS;83376;-15.85472222;-48.96611111;64-10;64-10;64-10
 BRASILIA;83377;-15.78972221;-47.92583332;58-10;58-10;64-10
 FORMOSA;83379;-15.54916666;-47.33888888;58-10;64-10;64-10
 ARINOS;83384;-15.91527777;-46.10722222;64-10;64-10;64-10
 JANUARIA;83386;-15.448054;-44.366321;64-10;64-10;64-10
 MONTE AZUL;83388;-15.160374;-42.866344;64-10;64-10;64-10
 MOCAMBINHO;83389;-15.086015;-44.016223;64-10;64-10;64-10
 PEDRA AZUL;83393;-16.00956;-41.281027;58-10;64-10;64-10
 JAUBA;83395;-15.802909;-43.297092;64-10;64-10;64-10
 CAVIEIRAS;83398;-15.673259;-38.961051;58-10;58-10;58-10
 CACERES;83405;-16.049639;-57.680826;64-10;64-10;64-10
 CARINHANHA;83408;-14.29749999;-43.77138888;64-10;64-10;64-10
 RONDONOPOLIS;83410;-16.462416;-54.580143;64-10;64-10;64-10
 GOIANIA;83423;-16.67305554;-49.26388888;64-10;64-10;64-10
 UI;83428;-16.366268;-46.889321;64-10;64-10;64-10
 MONTES CLAROS;83437;-16.68638888;-43.84388888;64-10;64-10;64-10
 SALIS;83441;-16.154862;-42.284921;64-10;64-10;64-10
 ARACUAI;83442;-16.84888888;-42.06083333;64-10;64-10;64-10
 GUARATINGA;83446;-16.58081;-39.783182;58-10;64-10;64-10
 JURAMENTO;83452;-16.775057;-43.667085;64-10;64-10;64-10
 JATAI;83464;-17.9236111;-51.71749999;64-10;64-10;64-10
 RIO VERDE;83470;-17.78527777;-50.96472222;64-10;64-10;64-10
 PARACATU;83479;-17.24416666;-46.88166666;64-10;64-10;64-10
 JOAO PINHEIRO;83481;-17.74027777;-46.17694443;64-10;64-10;64-10
 PIRAPORA;83483;-17.34916666;-44.92166666;64-10;64-10;64-10
 CARBONITA;83485;-17.533008;-43.012091;58-10;64-10;64-10
 ITAMARANDIBA;83488;-17.85972222;-42.85277777;58-10;58-10;64-10
 TEOFILO OTONI;83492;-17.86027777;-41.5075;64-10;64-10;64-10
 CARAVELAS;83498;-17.73944444;-39.25861111;58-10;58-10;58-10
 NHUMIRIM (NHECOLANDIA);83513;-18.9886111;-56.62277777;64-10;64-10;64-10
 CAPINOPOLIS;83514;-18.7261111;-49.56222222;64-10;64-10;64-10
 ITUIUTABA;83521;-18.952916;-49.525072;64-10;64-10;64-10
 IPAMERI;83522;-17.724527;-48.171916;64-10;64-10;64-10
 ITUMBIARA;83523;-18.40972222;-49.19194444;64-10;64-10;64-10
 CATALAO;83526;-18.17027777;-47.95805555;64-10;64-10;64-10
 PATOS DE MIS;83531;-18.51972221;-46.43916666;58-10;64-10;64-10
 BOM DESPACHO;83533;-19.71944443;-45.36749999;64-10;64-10;64-10
 CURVELO;83536;-18.74749999;-44.45472222;64-10;64-10;64-10
 DIAMANTI;83538;-18.2386111;-43.61694443;58-10;58-10;58-10
 ECOPORANGA;83546;-18.365694;-40.840656;64-10;64-10;64-10
 SAO MATEUS;83550;-18.71388888;-39.8486111;58-10;64-10;64-10
 CORUMBA;83552;-19.00461;-57.672338;64-10;64-10;64-10
 BOA ESPERANCA;83557;-18.53722221;-40.27222221;64-10;64-10;64-10
 PARAIBA;83565;-19.66361111;-51.19138888;64-10;64-10;64-10
 POMPEU;83570;-19.228937;-45.001336;64-10;64-10;64-10
 FRUTAL;83574;-20.034803;-48.930435;64-10;64-10;64-10
 UBERABA;83577;-19.73722221;-47.94972221;64-10;64-10;64-10
 ARAXA;83579;-19.60555555;-46.94972221;58-10;58-10;64-10
 FLORESTAL;83581;-19.885422;-44.416889;58-10;64-10;64-10
 BAMBUI;83582;-20.0311111;-46.00888888;58-10;64-10;64-10
 SETE LAGOAS;83586;-19.48454;-44.173798;58-10;64-10;64-10
 BELO HORIZONTE;83587;-19.93444444;-43.95222222;58-10;58-10;64-10
 C. DO MATO DENTRO;83589;-19.020355;-43.433948;58-10;64-10;64-10
 JOAO MONLEVADE;83591;-19.82388888;-43.14416666;58-10;58-10;58-10
 CARATINGA;83592;-19.73583333;-42.13722221;58-10;58-10;64-10
 AIMORES;83595;-19.494872;-41.077647;64-10;64-10;64-10
 MARILANDIA (COLATI);83596;-19.40722222;-40.53972221;64-10;64-10;64-10
 LINHARES;83597;-19.416256;-40.073235;58-10;64-10;64-10
 TRES LAGOAS;83618;-20.794867;-51.713519;64-10;64-10;64-10
 VOTUPORANGA;83623;-20.43972221;-49.9836111;64-10;64-10;64-10
 FRANCA;83630;-20.584314;-47.382427;58-10;64-10;64-10
 SAO S.DO PARAISO;83631;-20.909923;-47.114243;58-10;64-10;64-10
 IBIRITE;83632;-20.01666666;-44.08472221;58-10;58-10;64-10
 DIVINOPOLIS;83635;-20.173283;-44.874742;58-10;64-10;64-10
 OLIVEIRA;83637;-20.699773;-44.819903;58-10;58-10;58-10
 CAPARAO;83639;-20.526119;-41.90913;58-10;58-10;58-10
 VICOSA;83642;-20.7625;-42.86388888;58-10;58-10;58-10
 VITORIA;83648;-20.31583333;-40.31694443;58-10;64-10;64-10
 SAO SIMAO;83669;-21.461019;-47.579512;64-10;64-10;64-10
 CATANDUVA;83676;-21.122377;-48.947513;64-10;64-10;64-10
 CALDAS(P. DE CALDAS);83681;-21.918139;-46.382977;58-10;58-10;58-10
 MACHADO;83683;-21.68138888;-45.94083333;58-10;64-10;64-10
 LAVRAS;83687;-21.2261111;-44.97972221;58-10;58-10;64-10
 BARBACE;83689;-21.23962;-43.781458;58-10;58-10;58-10
 JUIZ DE FORA;83692;-21.76999999;-43.36444444;58-10;58-10;58-10
 ITAPERU;83695;-21.20444444;-41.90555555;64-10;64-10;64-10
 SANTA MARIA MADALE;83696;-21.96805554;-42.00305555;58-10;58-10;58-10
 CAMPOS;83698;-21.74249999;-41.33277777;64-10;64-10;64-10
 PONTA PORA;83702;-22.5525;-55.71638888;58-10;64-10;64-10
 IVINHEMA;83704;-22.300371;-53.822894;64-10;64-10;64-10
 CAMPOS DO JORDAO;83714;-22.75027777;-45.60388888;52-10;52-10;58-10
 PRESIDENTE PRUDENTE;83716;-22.119874;-51.408624;64-10;64-10;64-10
 CORDEIRO;83718;-22.02222221;-42.36444444;58-10;58-10;64-10
 SAO CARLOS;83726;-21.98027777;-47.88388888;58-10;64-10;64-10
 SAO LOURENCO;83736;-22.126273;-45.043327;58-10;58-10;64-10
 PASSA QUATRO;83737;-22.382805;-44.966902;58-10;58-10;58-10
 RESENDE;83738;-22.45111111;-44.44472221;58-10;64-10;64-10
 RIO DE JANEIRO;83743;-22.89555555;-43.18472221;64-10;64-10;64-10
 TERESOPOLIS;83744;-22.41722221;-42.97222221;58-10;58-10;58-10
 LONDRI;83766;-23.32555554;-51.14166666;64-10;64-10;64-10
 MARINGA;83767;-23.4;-51.91666666;58-10;64-10;64-10
 AVARE;83773;-23.083579;-48.911718;58-10;58-10;64-10
 SAO PAULO(MIR.de SANTA);83781;-23.49638888;-46.61999999;58-10;58-10;64-10
 CAMPO MOURAO;83783;-24.08555555;-52.38666666;58-10;58-10;58-10
 TAUBATE;83784;-23.0388889;-45.5158333;58-10;64-10;64-10
 UBATUBA;83786;-23.416697;-45.114373;58-10;58-10;64-10
 ANGRA DOS REIS;83788;-23.01583333;-44.32972221;58-10;58-10;64-10
 SANTA CRUZ;83789;-22.92194443;-43.68694444;64-10;64-10;64-10
 REALENGO;83801;-22.8711111;-43.44138888;64-10;64-10;64-10
 SANTO ANTONIO DE PADUA;83805;-21.53694444;-42.16083333;64-10;64-10;64-10
 CARMO;83807;-21.93583333;-42.60611111;64-10;64-10;64-10
 IVAI;83811;-25.010781;-50.853718;58-10;58-10;58-10
 CASTRO;83813;-24.78694444;-49.99916666;58-10;58-10;58-10
 IGUAPE;83821;-24.671656;-47.545896;58-10;58-10;58-10
 IRATI;83836;-25.502846;-50.637609;58-10;58-10;58-10
 CURITIBA;83842;-25.4486111;-49.23055554;58-10;58-10;58-10
 PARAGUA;83844;-25.5361111;-48.52833332;58-10;64-10;64-10
 SOROCABA;83851;-23.47999999;-47.42666666;58-10;64-10;64-10
 INDAIAL;83872;-26.91361111;-49.26805554;64-10;64-10;64-10
 IRAI;83881;-27.189451;-53.253338;64-10;64-10;64-10
 CHAPECO;83883;-27.135665;-52.662931;58-10;58-10;58-10
 CAMPOS NOVOS;83887;-27.38388888;-51.21611111;58-10;58-10;58-10
 LAGES;83891;-27.802108;-50.335567;58-10;58-10;58-10
 FLORIANOPOLIS;83897;-27.6025;-48.62027777;58-10;58-10;58-10
 SAO LUIZ GONZAGA;83907;-28.41722221;-54.9625;64-10;64-10;64-10
 CRUZ ALTA;83912;-28.6261111;-53.61388888;58-10;58-10;64-10
 PASSO FUNDO;83914;-28.2286111;-52.41194444;58-10;58-10;58-10
 LAGOA VERMELHA;83916;-28.22249999;-51.51277777;58-10;58-10;58-10
 BOM JESUS;83919;-28.66944443;-50.44194444;58-10;58-10;58-10
 SAO JOAQUIM;83920;-28.275639;-49.93464;52-10;52-10;52-10
 URUSSANGA;83923;-28.532537;-49.31521;58-10;64-10;64-10
 URUGUAIA;83927;-29.83999999;-57.08194443;58-10;64-10;64-10
 IBIRUBA;83932;-28.653476;-53.111882;58-10;58-10;58-10
 SANTA MARIA;83936;-29.724796;-53.720465;58-10;64-10;64-10
 BENTO GONCALVES;83941;-29.164588;-51.534104;58-10;58-10;58-10
 CAXIAS DO SUL;83942;-29.196242;-51.186449;58-10;58-10;58-10
 CAMBARA DO SUL;83946;-29.049139;-50.149631;52-10;58-10;58-10
 TORRES;83948;-29.35027777;-49.71666666;58-10;58-10;58-10
 SANTA DO LIVRAMENTO;83953;-30.842617;-55.613073;58-10;64-10;64-10
 TRIUNFO;83954;-29.869757;-51.379201;58-10;64-10;64-10
 CAMPO BOM;83961;-29.677684;-51.049914;64-10;64-10;64-10
 ENCRUZILHADA DO SUL;83964;-30.54305555;-52.52472221;58-10;58-10;64-10
 PORTO ALEGRE;83967;-30.05361111;-51.17472221;58-10;64-10;64-10
 TEUTONIA;83972;-29.448748;-51.799035;58-10;64-10;64-10
 BAGE;83980;-31.30555555;-54.11944443;58-10;58-10;64-10
 PELOTAS;83985;-31.802527;-52.406868;58-10;58-10;58-10
 RIO GRANDE;83995;-32.078809;-52.167725;58-10;58-10;58-10
 SANTA VITORIA DO PALMAR;83997;-33.53166666;-53.35027777;58-10;58-10;58-10
 BRASILIA; A001;-15.78944444;-47.92583332;58-10;58-10;58-10
 GOIANIA; A002;-16.642841;-49.220222;64-10;64-10;64-10
 MORRINHOS; A003;-17.745066;-49.101698;64-10;64-10;64-10
 NIQUELANDIA; A004;-14.469358;-48.485756;64-10;64-10;64-10
 FACULDADE DA TERRA DE BRASILIA; A008;-15.907513;-48.119977;58-10;58-10;58-10
 PALMAS; A009;-10.190744;-48.301811;64-10;64-10;64-10
 PARA; A010;-12.615;-47.87194443;64-10;64-10;64-10
 SAO SIMAO; A011;-18.969142;-50.633449;64-10;64-10;64-10
 LUZIANIA; A012;-16.26055555;-47.96694443;58-10;64-10;64-10
 ARAGARCAS; A013;-15.90277777;-52.24527777;64-10;64-10;70-10
 GOIAS; A014;-15.93972221;-50.14138888;64-10;64-10;70-10
 ITAPACI; A015;-14.97972221;-49.53999999;64-10;64-10;64-10
 JATAI; A016;-17.923622;-51.717467;64-10;64-10;64-10
 POSSE; A017;-14.08916666;-46.36638888;64-10;64-10;64-10
 PEIXE; A018;-12.015377;-48.544517;64-10;64-10;64-10
 GURUPI; A019;-11.74583333;-49.04972221;64-10;64-10;64-10
 PEDRO AFONSO; A020;-8.968677;-48.177259;64-10;64-10;64-10
 ARAGUAI; A021;-7.10388888;-48.20111111;64-10;64-10;64-10
 GOIANESIA; A022;-15.22027777;-48.98999999;64-10;64-10;64-10
 CAIAPONIA; A023;-16.96694443;-51.81749999;64-10;64-10;64-10
 ALTO PARAISO DE GOIAS; A024;-14.13305554;-47.52333332;58-10;58-10;58-10
 RIO VERDE; A025;-17.78527777;-50.965;64-10;64-10;64-10
 MINEIROS; A026;-17.45472222;-52.60111111;64-10;64-10;64-10
 PARAU; A027;-16.962536;-50.42545;64-10;64-10;64-10
 MONTE ALEGRE DE GOIAS; A032;-13.253521;-46.890326;64-10;64-10;64-10
 PIRES DO RIO; A033;-17.30416666;-48.28416666;64-10;64-10;64-10
 CATALAO; A034;-18.154779;-47.927614;58-10;64-10;64-10
 ITUMBIARA; A035;-18.409761;-49.192061;64-10;64-10;70-10
 CRISTALI; A036;-16.784896;-47.612966;58-10;58-10;64-10
 SILVANIA; A037;-16.67972221;-48.61805554;64-10;64-10;64-10
 DIANOPOLIS; A038;-11.59444444;-46.84722221;64-10;64-10;64-10
 FORMOSO DO ARAGUAIA; A039;-11.88749999;-49.60833333;64-10;64-10;64-10
 ARAGUATINS; A044;-5.6436111;-48.11194444;64-10;64-10;64-10
 AGUAS EMENDADAS; A045;-15.596491;-47.625801;58-10;64-10;64-10
 MAUS; A101;-3.10361111;-60.01555555;58-10;64-10;64-10
 PARQUE ESTADUAL CHANDLESS; A102;-9.35833333;-69.92638888;64-10;64-10;64-10
 RIO BRANCO; A104;-9.95777777;-68.16527777;64-10;64-10;64-10
 BOCA DO ACRE; A110;-8.77666666;-67.33249999;64-10;64-10;64-10
 LABREA; A111;-7.26055555;-64.7886111;64-10;64-10;64-10
 HUMAITA; A112;-7.5525;-63.07138888;64-10;64-10;64-10
 APUI; A113;-7.20555555;-59.8886111;64-10;64-10;64-10
 COARI; A117;-4.09749999;-63.14527777;58-10;64-10;64-10
 MACAPURU; A119;-3.29472221;-60.62833332;58-10;64-10;64-10
 AUTAZES; A120;-3.58333333;-59.12944443;58-10;64-10;64-10
 ITACOATIARA; A121;-3.13333333;-58.48277777;58-10;58-10;64-10
 MAUES; A122;-3.39888888;-57.67388888;58-10;64-10;64-10
 PARINTINS; A123;-2.63916666;-56.75611111;58-10;58-10;64-10
 URUCARA; A124;-2.53472221;-57.75805555;58-10;64-10;64-10
 RIO URUBU; A125;-2.6336111;-59.60055555;58-10;64-10;64-10
 PRESIDENTE FIGUEIREDO; A126;-2.05666666;-60.02583332;58-10;64-10;64-10
 BARCELOS; A128;-0.98722221;-62.92416666;58-10;64-10;64-10
 S. G. DA CACHOEIRA; A134;-0.125207;-67.061246;58-10;58-10;58-10
 BOA VISTA; A135;2.81694443;-60.69083333;64-10;64-10;64-10
 PORTO WALTER; A136;-8.26722221;-72.74777777;58-10;64-10;64-10
 FEIJO; A138;-8.142654;-70.343594;58-10;64-10;64-10
 EPITACIOLANDIA; A140;-11.02388888;-68.73527777;64-10;64-10;64-10
 BELEM; A201;-1.411228;-48.439512;58-10;64-10;64-10
 CASTANHAL; A202;-1.30083333;-47.94805555;58-10;58-10;58-10
 SAO LUIS; A203;-2.52666666;-44.21361111;58-10;58-10;58-10
 BALSAS; A204;-7.45555555;-46.02749999;64-10;64-10;64-10
 CAROLI; A205;-7.337269;-47.459839;64-10;64-10;64-10
 CHAPADINHA; A206;-3.74277777;-43.35222222;64-10;64-10;64-10
 GRAJAU; A207;-5.81611111;-46.16222222;64-10;64-10;64-10
 MEDICILANDIA; A209;-3.51083333;-52.96333333;58-10;58-10;58-10
 PACAJA; A210;-3.8436111;-50.63805555;58-10;58-10;58-10
 PLACAS; A211;-3.86416666;-54.21638888;58-10;64-10;64-10
 PARAGOMIS; A212;-2.99027777;-47.40777777;58-10;58-10;58-10
 TOME ACU; A213;-2.59249999;-48.36055555;58-10;58-10;58-10
 RONDON DO PARA; A214;-4.82749999;-48.1736111;64-10;64-10;64-10
 SALINOPOLIS; A215;-0.61888888;-47.35666666;58-10;58-10;58-10
 FAROL de SANTA; A217;-2.27083332;-43.62416666;58-10;58-10;58-10
 PREGUICAS; A218;-2.59222221;-42.7075;58-10;58-10;58-10
 TURIACU; A219;-1.66111111;-45.37249999;58-10;58-10;58-10
 BACABAL; A220;-4.24305555;-44.79499999;64-10;64-10;64-10
 BARRA DO CORDA; A221;-5.50666666;-45.23694444;64-10;64-10;64-10
 COLIS; A222;-6.03305554;-44.23333333;64-10;64-10;64-10
 ALTO PARIBA; A223;-9.10833333;-45.93194443;64-10;64-10;64-10
 ESTREITO; A224;-6.65333333;-47.41833332;64-10;64-10;64-10
 IMPERATRIZ; A225;-5.555723;-47.459794;64-10;64-10;64-10
 BRAGANCA; A226;-1.04722221;-46.78583333;58-10;58-10;58-10
 SOURE; A227;-0.72777777;-48.51583333;58-10;58-10;58-10
 TUCURUI; A229;-3.82277777;-49.67499999;58-10;58-10;58-10
 SERRA DOS CARAJAS; A230;-6.07749999;-50.14222221;58-10;58-10;58-10
 ITAITUBA; A231;-4.27694443;-55.99305555;58-10;64-10;64-10
 SANTA DO ARAGUAIA; A233;-9.3386111;-50.35027777;64-10;64-10;64-10
 NOVO REPARTIMENTO; A235;-4.243989;-49.939308;58-10;58-10;58-10
 CAMETA; A236;-2.23972221;-49.49972221;58-10;58-10;58-10
 CAXIAS; A237;-4.82138888;-43.3436111;64-10;64-10;64-10
 BURITICUPU; A238;-4.32055554;-46.44944444;58-10;64-10;64-10
 MARABA; A240;-5.366447;-49.051166;58-10;64-10;64-10
 CONCEICAO DO ARAGUAIA; A241;-8.30361;-49.28277;64-10;64-10;64-10
 TARTARUGALZINHO; A243;1.49666666;-50.91666666;58-10;58-10;58-10
 CAPITAO POCO; A248;-1.734766;-47.0575;58-10;58-10;58-10
 RECIFE; A301;-8.05916666;-34.95916666;58-10;58-10;58-10
 MACEIO; A303;-9.55111111;-35.77027777;58-10;64-10;64-10
 TAL; A304;-5.83722221;-35.20805555;58-10;58-10;58-10
 FORTALEZA; A305;-3.815701;-38.537792;58-10;58-10;58-10
 SOBRAL; A306;-3.74805555;-40.34583333;64-10;64-10;64-10
 PETROLI; A307;-9.388323;-40.523262;64-10;64-10;64-10
 PARIBA; A308;-3.08666666;-41.78305554;64-10;64-10;64-10
 ARCO VERDE; A309;-8.4336111;-37.05555555;58-10;64-10;64-10
 AREIA; A310;-6.975451;-35.718128;58-10;58-10;58-10
 FLORIANO; A311;-6.76138888;-43.00333333;64-10;64-10;64-10
 TERESI; A312;-5.03472221;-42.80138888;64-10;64-10;64-10
 CAMPI GRANDE; A313;-7.225574;-35.904831;58-10;58-10;58-10
 GUARAMIRANGA; A314;-4.26138888;-38.9311111;52-10;58-10;58-10
 BARBALHA; A315;-7.30083333;-39.2711111;64-10;64-10;64-10
 CAICO; A316;-6.46749999;-37.08499999;64-10;64-10;64-10
 MACAU; A317;-5.15111111;-36.57305554;58-10;64-10;64-10
 MOSSORO; A318;-4.90416666;-37.36694443;58-10;58-10;58-10
 IGUATU; A319;-6.39638888;-39.26888888;64-10;64-10;64-10
 JOAO PESSOA; A320;-7.165409;-34.815627;58-10;58-10;58-10
 PATOS; A321;-7.07972221;-37.27277777;64-10;64-10;64-10
 GARANHUNS; A322;-8.91095;-36.493381;58-10;58-10;58-10
 PAO DE ACUCAR; A323;-9.74916666;-37.43083332;64-10;64-10;64-10
 TAUA; A324;-6.01749999;-40.28138888;64-10;64-10;64-10
 QUIXERAMOBIM; A325;-5.17444443;-39.28944444;64-10;64-10;64-10
 BOM JESUS DO PIAUI; A326;-9.08333333;-44.32638888;64-10;64-10;64-10
 PALMEIRA DOS INDIOS; A327;-9.42027777;-36.62027777;64-10;64-10;64-10
 SURUBIM; A328;-7.83972221;-35.80111111;58-10;58-10;64-10
 CABROBO; A329;-8.504;-39.31528;64-10;64-10;64-10
 PAULISTA; A330;-8.132288;-41.142945;64-10;64-10;64-10
 SAO JOAO DO PIAUI; A331;-8.36444444;-42.2525;64-10;64-10;64-10
 MORADA NOVA; A332;-5.13666666;-38.35666666;64-10;64-10;64-10
 SAO GONCALO; A333;-6.835777;-38.311583;64-10;64-10;64-10
 MONTEIRO; A334;-7.89444444;-37.12472221;58-10;64-10;64-10
 PIRIPIRI; A335;-4.276047;-41.794568;64-10;64-10;64-10
 ALVORADA DO GURGUEIA; A336;-8.44166666;-43.86555555;64-10;64-10;70-10
 CARACOL; A337;-9.28583333;-43.32444443;64-10;64-10;64-10
 ESPERANTI; A338;-3.89944444;-42.25944444;64-10;64-10;64-10
 JAGUARUA; A339;-4.78694444;-37.76666666;64-10;64-10;64-10
 APODI; A340;-5.62666666;-37.815;64-10;64-10;64-10
 CARUARU; A341;-8.36527777;-36.02833332;58-10;58-10;58-10
 CRATEUS; A342;-5.18666666;-40.67222221;64-10;64-10;64-10
 PICOS; A343;-7.0711111;-41.40416666;64-10;64-10;64-10
 CALCANHAR; A344;-5.16;-35.48749999;58-10;58-10;58-10
 SAO RAIMUNDO NOTO; A345;-9.03333333;-42.70111111;64-10;64-10;64-10
 URUCUI; A346;-7.44142;-44.345055;64-10;64-10;64-10
 CAMPOS SALES; A347;-7.07777777;-40.36277777;64-10;64-10;64-10
 CABACEIRAS; A348;-7.48333333;-36.28638888;58-10;64-10;64-10
 IBIMIRIM; A349;-8.50944444;-37.71166666;64-10;64-10;64-10
 SERRA TALHADA; A350;-7.954277;-38.295082;64-10;64-10;64-10
 FLORESTA; A351;-8.59888888;-38.58416666;64-10;64-10;64-10
 CAMARATUBA; A352;-6.56194444;-35.13527777;58-10;58-10;58-10
 ARAPIRACA; A353;-9.80444444;-36.61916666;64-10;64-10;64-10
 OEIRAS; A354;-6.97416666;-42.14694444;64-10;64-10;64-10
 CORURIPE; A355;-10.1286111;-36.28638888;58-10;64-10;64-10
 SAO LUIS DO QUITUNDE; A356;-9.28749999;-35.56583333;58-10;58-10;58-10
 PALMARES; A357;-8.66666666;-35.56805554;58-10;64-10;64-10
 JAGUARIBE; A358;-5.90555555;-38.62777777;64-10;64-10;64-10
 ITAPIPOCA; A359;-3.48416666;-39.5886111;58-10;64-10;64-10
 ACARAU; A360;-3.1211111;-40.08722221;58-10;58-10;64-10
 CASTELO DO PIAUI; A361;-5.34916666;-41.51222222;64-10;64-10;64-10
 SAO PEDRO DO PIAUI; A362;-5.91111111;-42.7186111;64-10;64-10;64-10
 VALENCA DO PIAUI; A363;-6.39916666;-41.73999999;64-10;64-10;64-10
 GILBUES; A364;-9.87527777;-45.34583333;64-10;70-10;70-10
 CANTO DO BURITI; A365;-8.117939;-42.975721;64-10;64-10;64-10
 OURICURI; A366;-7.88583333;-40.10277777;64-10;64-10;64-10
 SANTA CRUZ; A367;-6.22805554;-36.02666666;58-10;64-10;64-10
 SALVADOR; A401;-13.005515;-38.50576;58-10;58-10;58-10
 BARREIRAS; A402;-12.12472221;-45.02694443;64-10;70-10;#N/D
 AREMBEPE; A403;-12.762552;-38.16906;58-10;64-10;64-10
 LUIZ EDUARDO MAGALHAES; A404;-12.1525;-45.82972221;64-10;64-10;64-10
 CARAVELAS; A405;-17.73944444;-39.25861111;58-10;58-10;58-10
 CRUZ DAS ALMAS; A406;-12.67555554;-39.08944444;58-10;64-10;64-10
 ITIRUCU; A407;-13.527828;-40.119752;58-10;58-10;58-10
 ITABERABA; A408;-12.52416666;-40.29972221;64-10;64-10;64-10
 ARACAJU; A409;-10.9525;-37.05444444;58-10;58-10;58-10
 ILHEUS; A410;-14.658803;-39.181438;58-10;58-10;58-10
 PAULO AFONSO; A411;-9.378106;-38.226771;64-10;64-10;64-10
 MACAJUBA; A412;-12.13166666;-40.35416666;64-10;64-10;64-10
 FEIRA DE SANTA; A413;-12.1961111;-38.96749999;64-10;64-10;64-10
 VITORIA DA CONQUISTA; A414;-14.88638888;-40.80138888;58-10;58-10;58-10
 SANTA RITA DE CASSIA; A415;-11.00277777;-44.52499999;64-10;64-10;64-10
 CORRENTI; A416;-13.33249999;-44.61749999;64-10;64-10;64-10
 ITABAIANINHA; A417;-11.2725;-37.795;58-10;64-10;64-10
 BOM JESUS DA LAPA; A418;-13.25111111;-43.40527777;64-10;64-10;64-10
 POCO VERDE; A419;-10.73805555;-38.10833333;64-10;64-10;64-10
 CARIRA; A420;-10.39972221;-37.74749999;64-10;64-10;64-10
 BREJO GRANDE; A421;-10.47388888;-36.48194443;58-10;58-10;58-10
 ABROLHOS; A422;-17.96305555;-38.70333333;58-10;58-10;58-10
 REMANSO; A423;-9.62555554;-42.07722221;64-10;64-10;64-10
 IRECE; A424;-11.328998;-41.864504;58-10;64-10;64-10
 LENCOIS; A425;-12.557854;-41.388808;64-10;64-10;64-10
 GUAMBI; A426;-14.20805555;-42.74972221;64-10;64-10;64-10
 PORTO SEGURO; A427;-16.38888888;-39.18249999;58-10;58-10;58-10
 SENHOR DO BONFIM; A428;-10.44305555;-40.14833333;58-10;64-10;64-10
 BARRA; A429;-11.08472221;-43.13888888;64-10;64-10;64-10
 PIATA; A430;-13.155681;-41.774125;58-10;58-10;58-10
 CONDE; A431;-12.03583333;-37.68388888;58-10;58-10;58-10
 BURITIRAMA; A432;-10.72305554;-43.65111111;64-10;64-10;64-10
 BRUMADO; A433;-14.181886;-41.672281;64-10;64-10;64-10
 AMARGOSA; A434;-13.009468;-39.616881;58-10;58-10;64-10
 UAUA; A435;-9.8336111;-39.49555555;64-10;64-10;64-10
 QUEIMADAS; A436;-10.98472221;-39.61694443;64-10;64-10;64-10
 U; A437;-15.28027777;-39.09138888;58-10;58-10;58-10
 MARAU; A438;-13.90694444;-38.97222221;58-10;58-10;58-10
 IBOTIRAMA; A439;-12.19305555;-43.21333333;64-10;64-10;64-10
 JACOBI; A440;-11.205;-40.465;64-10;64-10;64-10
 SERRINHA; A441;-11.66472222;-39.02305554;64-10;64-10;64-10
 EUCLIDES DA CUNHA; A442;-10.537233;-38.996605;64-10;64-10;64-10
 DELFINO; A443;-10.455;-41.20694444;58-10;64-10;64-10
 VALENCA; A444;-13.3436111;-39.12666666;58-10;58-10;58-10
 IPIAU; A445;-14.17138888;-39.69249999;64-10;64-10;64-10
 ITAPETINGA; A446;-15.24472221;-40.22944443;64-10;64-10;64-10
 BELMONTE; A447;-16.08805555;-39.21527777;58-10;64-10;64-10
 BARBACE; A502;-21.228373;-43.767703;58-10;58-10;58-10
 ARAXA; A505;-19.605696;-46.949617;58-10;58-10;64-10
 MONTES CLAROS; A506;-16.68638888;-43.84388888;64-10;64-10;64-10
 UBERLANDIA; A507;-18.91694443;-48.25555555;58-10;64-10;64-10
 ALMERA; A508;-16.166773;-40.687756;64-10;64-10;64-10
 MONTE VERDE; A509;-22.86166666;-46.04333333;52-10;52-10;58-10
 VICOSA; A510;-20.762607;-42.864013;58-10;58-10;64-10
 TIMOTEO; A511;-19.57388888;-42.62249999;58-10;64-10;64-10
 ITUIUTABA; A512;-18.95277777;-49.52499999;64-10;64-10;64-10
 OURO BRANCO; A513;-20.55666666;-43.75611111;58-10;58-10;64-10
 SAO JOAO DEL REI; A514;-21.106502;-44.250928;58-10;58-10;58-10
 VARGINHA; A515;-21.56638888;-45.40416666;58-10;58-10;64-10
 PASSOS; A516;-20.745237;-46.633916;58-10;64-10;64-10
 MURIAE; A517;-21.104867;-42.375904;64-10;64-10;64-10
 JUIZ DE FORA; A518;-21.769965;-43.364329;58-10;58-10;58-10
 CAMPI VERDE; A519;-19.53921;-49.518133;64-10;64-10;70-10
 CONCEICAO DAS ALAGOAS; A520;-19.98586;-48.151574;64-10;64-10;64-10
 PAMPULHA; A521;-19.883945;-43.969397;58-10;64-10;64-10
 SERRA DOS AIMORES; A522;-17.798799;-40.249933;64-10;64-10;64-10
 PATROCINIO; A523;-18.996684;-46.985935;58-10;64-10;64-10
 FORMIGA; A524;-20.455;-45.45388888;58-10;64-10;64-10
 SACRAMENTO; A525;-19.87527777;-47.43416666;58-10;64-10;64-10
 MONTALVANIA; A526;-14.40833333;-44.40416666;64-10;64-10;64-10
 TEOFILO OTONI; A527;-17.89284;-41.515423;58-10;64-10;64-10
 TRES MARIAS; A528;-18.200855;-45.459836;58-10;64-10;64-10
 PASSA QUATRO; A529;-22.395799;-44.961909;58-10;58-10;64-10
 CALDAS; A530;-21.918066;-46.382996;58-10;58-10;58-10
 MARIA DA FE; A531;-22.314567;-45.373049;58-10;58-10;58-10
 GOVERDOR VALADARES; A532;-18.830354;-41.977007;64-10;64-10;64-10
 GUANHAES; A533;-18.78694444;-42.94305555;58-10;58-10;64-10
 AIMORES; A534;-19.53277777;-41.09083333;64-10;64-10;64-10
 FLORESTAL; A535;-19.885398;-44.416883;58-10;64-10;64-10
 DORES DO INDAIA; A536;-19.481935;-45.593932;58-10;64-10;64-10
 DIAMANTI; A537;-18.231052;-43.648269;58-10;58-10;58-10
 CURVELO; A538;-18.747711;-44.453785;64-10;64-10;64-10
 MOCAMBINHO; A539;-15.085958;-44.016036;64-10;64-10;64-10
 MANTE; A540;-18.78062;-40.986505;64-10;64-10;64-10
 CAPELINHA; A541;-17.705504;-42.389256;58-10;58-10;64-10
 UI; A542;-16.55416666;-46.88194443;64-10;64-10;64-10
 ESPINOSA; A543;-14.91222222;-42.80861111;64-10;64-10;64-10
 BURITIS; A544;-15.52416666;-46.43555555;58-10;64-10;64-10
 PIRAPORA; A545;-17.258064;-44.835556;64-10;64-10;64-10
 GUARDA-MOR; A546;-17.56138888;-47.19916666;58-10;64-10;64-10
 SAO ROMAO; A547;-16.362747;-45.123801;64-10;64-10;70-10
 CHAPADA GAUCHA; A548;-15.30027777;-45.61749999;58-10;64-10;64-10
 AGUAS VERMELHAS; A549;-15.751536;-41.457787;58-10;64-10;64-10
 ITAOBIM; A550;-16.575667;-41.485588;64-10;64-10;64-10
 RIO PARDO DE MIS; A551;-15.72305554;-42.43583333;58-10;64-10;64-10
 SALIS; A552;-16.16027777;-42.31027777;64-10;64-10;64-10
 JOAO PINHEIRO; A553;-17.784477;-46.119394;58-10;64-10;64-10
 CARATINGA; A554;-19.735757;-42.137146;58-10;64-10;64-10
 IBIRITE (ROLA MOCA); A555;-20.031457;-44.011249;58-10;58-10;58-10
 MANHUACU; A556;-20.26333333;-42.18277777;58-10;58-10;58-10
 SEROPEDICA-ECOLOGIA AGRICOLA; A601;-22.75777777;-43.68472221;64-10;64-10;64-10
 RIO DE JANEIRO-MARAMBAIA; A602;-23.05027777;-43.59555555;64-10;64-10;64-10
 DUQUE DE CAXIAS - XEREM; A603;-22.58972221;-43.28222221;64-10;64-10;64-10
 CAMBUCI; A604;-21.58749999;-41.95833333;64-10;64-10;64-10
 ARRAIAL DO CABO; A606;-22.97527777;-42.02138888;58-10;58-10;58-10
 CAMPOS DOS GOYTACAZES; A607;-21.71472222;-41.34388888;64-10;64-10;64-10
 MACAE; A608;-22.3761111;-41.81194444;58-10;64-10;64-10
 RESENDE; A609;-22.45138888;-44.44499999;64-10;64-10;64-10
 PICO DO COUTO; A610;-22.46472222;-43.29138888;52-10;52-10;52-10
 VALENCA; A611;-22.35805555;-43.69555555;58-10;64-10;64-10
 VITORIA; A612;-20.27083332;-40.30583333;58-10;64-10;64-10
 SANTA TERESA; A613;-19.988388;-40.579572;58-10;58-10;58-10
 LINHARES; A614;-19.35694444;-40.0686111;58-10;64-10;64-10
 ALFREDO CHAVES; A615;-20.63638888;-40.74194444;64-10;64-10;64-10
 SAO MATEUS; A616;-18.676198;-39.864051;58-10;58-10;64-10
 ALEGRE; A617;-20.75055555;-41.48888888;64-10;64-10;64-10
 TERESOPOLIS-PARQUE CIOL; A618;-22.4486111;-42.98694444;58-10;58-10;58-10
 PARATI; A619;-23.2236111;-44.72694443;58-10;64-10;64-10
 CAMPOS DOS GOYTACAZES - SAO TOME; A620;-22.04166666;-41.05166666;58-10;58-10;58-10
 RIO DE JANEIRO - VILA MILITAR; A621;-22.86138888;-43.41138888;64-10;64-10;64-10
 PRES. KENNEDY; A622;-21.10083333;-41.03944444;64-10;64-10;64-10
 NOVA VENECIA; A623;-18.69527777;-40.39055555;64-10;64-10;64-10
 NOVA FRIBURGO - SALIS; A624;-22.33472221;-42.67694443;58-10;58-10;58-10
 RIO DE JANEIRO - FORTE DE COPACABA; A652;-22.98833333;-43.19055555;58-10;64-10;64-10
 SAO PAULO - MIRANTE; A701;-23.496294;-46.620088;58-10;58-10;64-10
 CAMPO GRANDE; A702;-20.447195;-54.722615;64-10;64-10;64-10
 PONTA PORA; A703;-22.5525;-55.71638888;58-10;64-10;64-10
 TRES LAGOAS; A704;-20.78333333;-51.71222222;64-10;64-10;64-10
 BAURU; A705;-22.358052;-49.028877;58-10;64-10;64-10
 CAMPOS DO JORDAO; A706;-22.75027777;-45.60388888;52-10;52-10;58-10
 PRESIDENTE PRUDENTE; A707;-22.119867;-51.408637;64-10;64-10;64-10
 FRANCA; A708;-20.58444444;-47.38249999;58-10;64-10;64-10
 IVINHEMA; A709;-22.30055555;-53.82277777;64-10;64-10;64-10
 PARAIBA; A710;-19.69555555;-51.18166666;64-10;64-10;64-10
 SAO CARLOS; A711;-21.980353;-47.883927;58-10;64-10;64-10
 IGUAPE; A712;-24.671654;-47.545896;58-10;64-10;64-10
 SOROCABA; A713;-23.4261111;-47.58555555;58-10;64-10;64-10
 ITAPEVA; A714;-23.98194443;-48.88583333;58-10;58-10;64-10
 SAO MIGUEL ARCANJO; A715;-23.85194444;-48.16472222;58-10;58-10;64-10
 OURINHOS; A716;-22.94888888;-49.89444444;64-10;64-10;64-10
 NHUMIRIM; A717;-18.9886111;-56.62277777;64-10;64-10;64-10
 RANCHARIA; A718;-22.372832;-50.97471;64-10;64-10;64-10
 AQUIDAUA; A719;-20.47555554;-55.78388888;64-10;64-10;64-10
 COXIM; A720;-18.51222222;-54.7361111;64-10;70-10;70-10
 DOURADOS; A721;-22.19388888;-54.91138888;64-10;64-10;64-10
 MIRANDA; A722;-20.39555555;-56.43166666;64-10;64-10;64-10
 PORTO MURTINHO; A723;-21.70583333;-57.88666666;64-10;64-10;64-10
 CORUMBA; A724;-18.99667;-57.6375;64-10;64-10;64-10
 AVARE; A725;-23.10166666;-48.9411111;58-10;58-10;64-10
 PIRACICABA; A726;-22.70305555;-47.62333332;58-10;64-10;64-10
 LINS; A727;-21.66611111;-49.73472221;64-10;64-10;64-10
 TAUBATE; A728;-23.04166666;-45.52083332;58-10;64-10;64-10
 VOTUPORANGA; A729;-20.40333333;-49.96611111;64-10;64-10;64-10
 CHAPADAO DO SUL; A730;-18.80222222;-52.6025;58-10;64-10;64-10
 MARACAJU; A731;-21.60916666;-55.17749999;64-10;64-10;64-10
 SAO GABRIEL DO OESTE; A732;-19.42027777;-54.55305555;64-10;64-10;64-10
 JALES; A733;-20.165;-50.59499999;64-10;64-10;64-10
 VALPARAISO; A734;-21.31916666;-50.93027777;64-10;64-10;64-10
 JOSE BONIFACIO; A735;-21.08555555;-49.92027777;64-10;64-10;64-10
 ARIRANHA; A736;-21.13305554;-48.84055555;64-10;64-10;64-10
 IBITINGA; A737;-21.85555555;-48.79972221;64-10;64-10;64-10
 CASA BRANCA; A738;-21.78055554;-47.07527777;58-10;64-10;64-10
 ITAPIRA; A739;-22.415;-46.80527777;58-10;64-10;64-10
 SAO LUIS DO PARAITINGA; A740;-23.22833332;-45.41694443;58-10;58-10;58-10
 BARRA BONITA; A741;-22.4711111;-48.5575;64-10;64-10;64-10
 CASSILANDIA; A742;-19.12249999;-51.72083332;64-10;64-10;70-10
 RIO BRILHANTE; A743;-21.774944;-54.528108;64-10;64-10;64-10
 PRADOPOLIS; A747;-21.33833333;-48.11388888;64-10;64-10;64-10
 BARRETOS; A748;-20.55916666;-48.54499999;64-10;64-10;70-10
 JUTI; A749;-22.85722222;-54.60555555;64-10;64-10;64-10
 AMAMBAI; A750;-23.0025;-55.32944443;64-10;64-10;64-10
 SETE QUEDAS; A751;-23.96694443;-55.02416666;64-10;64-10;64-10
 ITAQUIRAI; A752;-23.449501;-54.181858;64-10;64-10;64-10
 ITUVERAVA; A753;-20.35972222;-47.77527777;64-10;64-10;64-10
 SIDROLANDIA; A754;-20.98166666;-54.97194443;64-10;64-10;64-10
 AGUA CLARA; A756;-20.44444444;-52.87583332;64-10;70-10;70-10
 JARDIM; A758;-21.4786111;-56.13777777;64-10;64-10;64-10
 PORTO ALEGRE; A801;-30.05361111;-51.17472221;58-10;64-10;64-10
 RIO GRANDE; A802;-32.07878;-52.167738;58-10;58-10;58-10
 SANTA MARIA; A803;-29.72499999;-53.72055554;58-10;64-10;64-10
 SANTA DO LIVRAMENTO; A804;-30.75055555;-55.40138888;58-10;58-10;64-10
 SANTO AUGUSTO; A805;-27.854345;-53.791179;58-10;58-10;64-10
 FLORIANOPOLIS; A806;-27.60253;-48.620096;58-10;58-10;58-10
 CURITIBA; A807;-25.4486111;-49.23055554;58-10;58-10;58-10
 TORRES; A808;-29.35027777;-49.73333333;58-10;58-10;58-10
 URUGUAIA; A809;-29.83987;-57.081899;64-10;64-10;64-10
 SANTA ROSA; A810;-27.890463;-54.480014;58-10;64-10;64-10
 CANGUCU; A811;-31.40333333;-52.70083333;58-10;58-10;58-10
 CACAPAVA DO SUL; A812;-30.54527777;-53.46694443;58-10;58-10;58-10
 RIO PARDO; A813;-29.87222221;-52.38194443;58-10;64-10;64-10
 URUSSANGA; A814;-28.53249999;-49.31527777;58-10;64-10;64-10
 SAO JOAQUIM; A815;-28.27564;-49.934617;52-10;52-10;58-10
 NOVO HORIZONTE; A816;-26.40638888;-52.85027777;58-10;58-10;58-10
 INDAIAL; A817;-26.913704;-49.267978;58-10;64-10;64-10
 IVAI; A818;-25.010757;-50.853853;58-10;58-10;58-10
 CASTRO; A819;-24.78694444;-49.99916666;58-10;58-10;58-10
 MAL. CANDIDO RONDON; A820;-24.53333333;-54.01916666;64-10;64-10;64-10
 JOAQUIM TAVORA; A821;-23.505266;-49.946387;58-10;64-10;64-10
 NOVA TEBAS; A822;-24.43722221;-51.96305555;58-10;58-10;64-10
 ICIO MARTINS; A823;-25.567879;-51.077946;52-10;58-10;58-10
 ICARAIMA; A824;-23.39027777;-53.63583333;64-10;64-10;64-10
 GOIOERE; A825;-24.15833333;-53.03055554;58-10;64-10;64-10
 ALEGRETE; A826;-29.709083;-55.525486;64-10;64-10;64-10
 BAGE; A827;-31.34777777;-54.01333333;58-10;58-10;64-10
 ERECHIM; A828;-27.65771;-52.305805;58-10;58-10;58-10
 SAO JOSE DOS AUSENTES; A829;-28.748615;-50.057869;52-10;58-10;58-10
 SAO BORJA; A830;-28.650092;-56.016291;58-10;64-10;64-10
 QUARAI; A831;-30.368578;-56.437115;64-10;64-10;64-10
 SAO GABRIEL; A832;-30.341438;-54.310909;58-10;64-10;64-10
 SANTIAGO; A833;-29.191599;-54.885653;58-10;64-10;64-10
 TRAMANDAI; A834;-30.01027777;-50.13583333;58-10;58-10;58-10
 MARINGA; A835;-23.40527777;-51.93277777;58-10;64-10;64-10
 JAGUARAO; A836;-32.53472221;-53.37583332;58-10;58-10;58-10
 SOLEDADE; A837;-28.859211;-52.542387;58-10;58-10;58-10
 CAMAQUA; A838;-30.807953;-51.83424;58-10;58-10;64-10
 PASSO FUNDO; A839;-28.226805;-52.403582;58-10;58-10;58-10
 BENTO GONCALVES; A840;-29.164581;-51.534202;58-10;58-10;58-10
 JOACABA; A841;-27.16916666;-51.55888888;58-10;58-10;58-10
 NOVA FATIMA; A842;-23.41527777;-50.57777777;58-10;58-10;64-10
 DOIS VIZINHOS; A843;-25.69916666;-53.09527777;58-10;58-10;64-10
 LAGOA VERMELHA; A844;-28.222381;-51.512845;58-10;58-10;58-10
 BOM JARDIM DA SERRA - MORRO DA IGREJA; A845;-28.126992;-49.47961;52-10;52-10;52-10
 FOZ DO IGUACU; A846;-25.60194444;-54.48305554;64-10;64-10;64-10
 ILHA DO MEL; A847;-25.49444444;-48.3261111;58-10;58-10;58-10
 DIONISIO CERQUEIRA; A848;-26.286562;-53.633114;58-10;58-10;58-10
 DIAMANTE DO NORTE; A849;-22.63944444;-52.89027777;64-10;64-10;64-10
 PARAPOEMA; A850;-22.65833333;-52.13444444;64-10;64-10;64-10
 ITAPOA; A851;-26.08138888;-48.64166666;58-10;58-10;58-10
 SAO LUIZ GONZAGA; A852;-28.417113;-54.962403;64-10;64-10;64-10
 CRUZ ALTA; A853;-28.60344;-53.673597;58-10;64-10;64-10
 FREDERICO WESTPHALEN; A854;-27.39555555;-53.42944443;58-10;58-10;64-10
 PLALTO; A855;-25.72194443;-53.74805555;64-10;64-10;64-10
 PALMEIRA DAS MISSOES; A856;-27.92027777;-53.31805554;58-10;58-10;58-10
 SAO MIGUEL DO OESTE; A857;-26.7861111;-53.51388888;58-10;58-10;64-10
 XANXERE; A858;-26.938666;-52.39809;58-10;58-10;58-10
 CACADOR; A859;-26.819156;-50.98552;58-10;58-10;58-10
 CURITIBANOS; A860;-27.288624;-50.604283;58-10;58-10;58-10
 RIO DO CAMPO; A861;-26.93749999;-50.14555555;58-10;58-10;58-10
 RIO NEGRINHO; A862;-26.248411;-49.580624;58-10;58-10;58-10
 ITUPORANGA; A863;-27.41833332;-49.64694444;58-10;58-10;58-10
 MAJOR VIEIRA; A864;-26.3936111;-50.36333333;58-10;58-10;58-10
 Lagu - Farol de Santa Marta; A866;-28.60444444;-48.81333333;52-10;58-10;58-10
 ARARANGUA; A867;-28.931353;-49.49792;58-10;58-10;58-10
 CIDADE GAUCHA; A869;-23.359156;-52.931912;64-10;64-10;64-10
 JAPIRA; A871;-23.77333332;-50.18055554;58-10;58-10;64-10
 MORRETES; A873;-25.508935;-48.808681;58-10;64-10;64-10
 GENERAL CARNEIRO; A875;-26.3986111;-51.35361111;58-10;58-10;58-10
 CLEVELANDIA; A876;-26.41722221;-52.3486111;58-10;58-10;58-10
 MOSTARDAS; A878;-31.24833333;-50.90638888;58-10;58-10;58-10
 CANELA; A879;-29.36888888;-50.82722221;58-10;58-10;58-10
 VACARIA; A880;-28.513602;-50.882738;58-10;58-10;58-10
 DOM PEDRITO; A881;-31.0025;-54.61805554;58-10;64-10;64-10
 Santa Vitoria do Palmar - Barra do Chui; A899;-33.742297;-53.372218;58-10;58-10;58-10
 CUIABA; A901;-15.559295;-56.062951;64-10;64-10;64-10
 TANGARA DA SERRA; A902;-14.65;-57.43166666;64-10;64-10;64-10
 S.J. DO RIO CLARO; A903;-13.45388888;-56.67722221;64-10;64-10;64-10
 SORRISO; A904;-12.555;-55.72277777;64-10;64-10;64-10
 CAMPO NOVO DOS PARECIS; A905;-13.78583333;-57.8386111;64-10;64-10;64-10
 GUARANTA DO NORTE; A906;-9.9525;-54.89777777;64-10;64-10;64-10
 RONDONOPOLIS; A907;-16.4625;-54.58027777;64-10;70-10;70-10
 AGUA BOA; A908;-14.01638888;-52.21166666;64-10;64-10;64-10
 APIACAS; A910;-9.56333333;-57.3936111;64-10;64-10;64-10
 CAMPO VERDE; A912;-15.53138888;-55.13555555;58-10;64-10;64-10
 COMODORO; A913;-13.70805555;-59.7625;58-10;64-10;64-10
 JUARA; A914;-11.28027777;-57.52666666;64-10;64-10;64-10
 QUERENCIA; A916;-12.62722221;-52.22083332;64-10;64-10;64-10
 SINOP; A917;-11.98222221;-55.56611111;64-10;64-10;64-10
 CONFRESA; A918;-10.63944444;-51.57138888;64-10;64-10;64-10
 COTRIGUACU; A919;-9.90638888;-58.57222221;64-10;64-10;64-10
 JUI; A920;-11.375126;-58.774785;64-10;64-10;64-10
 SAO FELIX DO ARAGUAIA; A921;-11.61888888;-50.72777777;64-10;64-10;64-10
 VILA BELA DA SANTISSIMA TRINDADE; A922;-15.06277777;-59.87305554;64-10;64-10;64-10
 PORTO VELHO; A925;-8.7936111;-63.84583333;64-10;64-10;64-10
 CARLINDA; A926;-9.97055554;-55.82749999;64-10;64-10;64-10
 BRASNORTE (NOVO MUNDO); A927;-12.52194443;-58.23138888;64-10;64-10;64-10
 NOVA MARINGA; A928;-13.0386111;-57.09222221;64-10;64-10;70-10
 NOVA UBIRATA; A929;-13.41111111;-54.75222222;64-10;64-10;64-10
 GAUCHA DO NORTE; A930;-13.18472221;-53.2575;64-10;64-10;64-10
 SANTO ANTONIO DO LESTE; A931;-14.92777777;-53.8836111;64-10;64-10;64-10
 GUIRATINGA; A932;-16.34166666;-53.76611111;64-10;64-10;70-10
 ITIQUIRA; A933;-17.17499999;-54.50166666;64-10;64-10;64-10
 ALTO TAQUARI; A934;-17.8411111;-53.28944444;58-10;64-10;64-10
 PORTO ESTRELA; A935;-15.32472221;-57.22583332;64-10;64-10;64-10
 SALTO DO CEU; A936;-15.12472221;-58.12722221;64-10;64-10;64-10
 PONTES E LACERDA; A937;-15.23444444;-59.3461111;64-10;64-10;64-10
 VILHE; A938;-12.73499999;-60.15777777;58-10;64-10;64-10
 CACOAL; A939;-11.445837;-61.434146;64-10;64-10;64-10
 ARIQUEMES; A940;-9.94888888;-62.96194444;64-10;64-10;64-10
